Case ID,Expected behaviour,Account label,Action / input,Actual result after reload,Evidence file,Status,Test date,Browser / device,Error or notes
AT01,Register students with F/D/P and ND/HD formats; malformed/duplicate matriculation numbers are rejected. Staff registration uses email without student matriculation fields.,,,,,TO EXECUTE,,,
AT02,Log in by matriculation number and by email: the same student account/project is loaded. Wrong credentials produce no session.,,,,,TO EXECUTE,,,
AT03,Open protected routes from another role or department: access is denied. Existing provisioned roles cannot be changed by repeating signup provisioning.,,,,,TO EXECUTE,,,
AT04,"Select a departmental supervisor, submit a topic and add a partner: one Pending project links both students and generates the expected notifications.",,,,,TO EXECUTE,,,
AT05,"Try nonexistent, duplicate, self, already-assigned or other-department partners/supervisors: invalid requests are rejected without a successful partial team.",,,,,TO EXECUTE,,,
AT06,"Set Pending, Decline with a note, revise as lead, then Approve: states, activity and recipient notices persist after reload. Chapter work stays blocked before topic approval.",,,,,TO EXECUTE,,,
AT07,"Sign in as the partner: see the addition notification, same project, team and authorised document access. An unrelated student cannot read it.",,,,,TO EXECUTE,,,
AT08,"Upload an allowed chapter file, download it as authorised staff, request changes with feedback and grade, then submit/approve a revision: current stage and records persist.",,,,,TO EXECUTE,,,
AT09,"Try a disallowed/oversized file, invalid grade and review of an older chapter version: errors are shown and current stage/final state are not incorrectly changed.",,,,,TO EXECUTE,,,
AT10,Approve chapters individually: progress is 20/40/60/80/100. A newly submitted replacement returns that stage to review and removes its counted 20 per cent until re-approved.,,,,,TO EXECUTE,,,
AT11,"Post a submission comment and create/update a ticket: the authorised project views, notifications and applicable counts reflect the action.",,,,,TO EXECUTE,,,
AT12,"Request an extension, decline it, then request another and approve it: only approval changes nextDeadline; malformed dates/duplicate pending requests are rejected.",,,,,TO EXECUTE,,,
AT13,"Attempt final submission or approval with fewer than five approved chapters: reject it. With all five approved, approve the final and confirm explicit approval and team notification.",,,,,TO EXECUTE,,,
AT14,Set next deadline and defence date as assigned supervisor: participants see persistent dates. Defence results and panel allocation are not expected features.,,,,,TO EXECUTE,,,
AT15,"Use synthetic data to exercise health-rule boundary conditions and HOD summaries: verify rule order, explanatory reason and department filtering.",,,,,TO EXECUTE,,,
AT16,"At iPhone width, check header, forms, tables, touch/keyboard operation and logout. Signed-out landing has no dashboard CTA; back/protected navigation requires login.",,,,,TO EXECUTE,,,
AT17,Inspect matching Firebase rules/indexes and private Supabase policies; verify authorised access and prohibited direct writes/downloads using QA accounts.,,,,,TO EXECUTE,,,
